region,2020,2030,2040,2050,source_url
AT,6.5,4.0,4.0,4.0,https://www.thinkgeoenergy.com/austrian-oil-gas-and-chemicals-company-to-pivot-to-geothermal/
BE,0.0,0.0,0.0,0.0,https://www.iea.org/countries/belgium/oil
BG,0.0,0.0,0.0,0.0,https://www.iea.org/countries/bulgaria/oil
CH,0.0,0.0,0.0,0.0,https://www.iea.org/countries/switzerland/oil
CZ,1.36,1.0,1.0,1.0,https://www.iea.org/countries/czechia/oil
DE,38.0,30.0,30.0,30.0,https://www.iea.org/countries/germany/oil
DK,42.0,35.0,35.0,0.0,https://www.iea.org/countries/denmark/oil
EE,0.0,0.0,0.0,0.0,https://www.iea.org/countries/estonia/oil
GR,1.0,1.0,1.0,1.0,https://www.iea.org/countries/greece/oil
ES,0.0,0.0,0.0,0.0,https://www.iea.org/countries/spain/oil
FI,0.0,0.0,0.0,0.0,https://www.iea.org/countries/finland/oil
FR,9.0,8.0,8.0,8.0,https://www.ecologie.gouv.fr/sites/default/files/0-PPE%20English%20Version%20With%20Annex_0.pdf
HR,8.0,8.0,8.0,8.0,https://mingo.gov.hr/UserDocsImages/klimatske_aktivnosti/odrzivi_razvoj/NUS/lts_nus_eng.pdf
HU,13.0,13.0,13.0,13.0,https://www.dw.com/en/hungarys-unexpected-oil-bonanza/a-49756708
IE,0.0,0.0,0.0,0.0,https://www.iea.org/countries/ireland/oil
IT,60.0,60.0,60.0,60.0,https://www.iea.org/countries/italy/oil
LT,0.0,0.0,0.0,0.0,https://www.iea.org/countries/lithuania/oil
LU,0.0,0.0,0.0,0.0,https://www.iea.org/countries/luxembourg/oil
LV,0.0,0.0,0.0,0.0,https://www.iea.org/countries/latvia/oil
NL,12.0,12.0,12.0,12.0,https://www.iea.org/countries/the-netherlands/oil
NO,1076.0,1076.0,1000.0,1000.0,https://www.norskindustri.no/siteassets/dokumenter/rapporter-og-brosjyrer/energy-transition-norway/2022/energy-transition-norway-2022_web.pdf
PL,11.0,11.0,0.0,0.0,https://www.iea.org/countries/poland/oil
PT,0.0,0.0,0.0,0.0,https://www.iea.org/countries/portugal/oil
RO,40.0,40.0,40.0,40.0,https://www.iea.org/countries/romania/oil
SE,0.0,0.0,0.0,0.0,https://www.iea.org/countries/sweden/oil
SI,0.0,0.0,0.0,0.0,https://www.iea.org/countries/slovenia/oil
SK,2.4,2.4,2.4,2.4,https://www.iea.org/countries/slovak-republic/oil
GB,616.0,616.0,600.0,600.0,https://www.nstauthority.co.uk/media/5391/oga_projections_of_uk_oil_and_gas_production_and_expenditure.pdf
