Code,Type,Label,Color,Category,Emission_Factor,Emission_Factor_CO2,Emission_Factor_CH4,PositionX,PositionY,GHG_Code
total,GROUPS,Total,#000000,,,,,,,
ss_pe,GROUPS,Primary energy,#32bf84,,,,,,,
ss_elc,GROUPS,Electricity,#06b1c4,,,,,,,
res,DEMAND_SECTORS,Residential and Tertiary,#fd5956,,,,,1.0,0.05,
ter,DEMAND_SECTORS,Tertiary,#ea80a8,,,,,1.0,0.05,
tra,DEMAND_SECTORS,Domestic transport,#01889f,,,,,1.0,0.33,
wati,DEMAND_SECTORS,Maritime bunkers,#c14a09,,,,,1.0,0.26,
avi,DEMAND_SECTORS,Aviation bunkers,#ffb07c,,,,,1.0,0.4,
ind,DEMAND_SECTORS,Industry,#fddc5c,,,,,1.0,0.12,
agr,DEMAND_SECTORS,Agriculture,#11875d,,,,,1.0,0.47,
ens,DEMAND_SECTORS,Energy,#813411,,,,,1.0,0.05,
ras,DEMAND_SECTORS,Rail Network,#82cbb2,,,,,1.0,0.54,
neind,DEMAND_SECTORS,Non-energy,#c5c9c7,,,,,1.0,0.19,
dac,SECONDARY_ENERGIES,DAC Demand,#9a0200,,,,,,,
elc_fe,FINAL_ENERGIES,Electricity,#06b1c4,,,,,0.8,0.05,
pet_fe,FINAL_ENERGIES,Liquid  fuels,#c5c9c7,,,,,0.8,0.33,
lqf_fe,FINAL_ENERGIES,Liquid motor fuels,#f18959,,,,,0.8,0.05,
hyd_fe,FINAL_ENERGIES,Hydrogen,#95d0fc,,,,,0.8,0.26,
gaz_fe,FINAL_ENERGIES,Network gas,#fcc006,,,,,0.8,0.4,
cms_fe,FINAL_ENERGIES,Coal,#c14a09,,,,,0.8,0.19,
enc_fe,FINAL_ENERGIES,Solid biomass,#11875d,,,,,0.8,0.47,
vap_fe,FINAL_ENERGIES,Network heat / steam,#9a0200,,,,,0.8,0.54,
sth_fe,FINAL_ENERGIES,Solar thermal,#ea80a8,,,,,0.8,0.05,
pac_fe,FINAL_ENERGIES,Ambient heat,#fd5956,,,,,0.8,0.12,
met_fe,FINAL_ENERGIES,Methanol,#fbeeac,,,,,0.8,0.61,
amm_fe,FINAL_ENERGIES,Ammonia,#fbeeac,,,,,0.8,0.68,
bev_fe,FINAL_ENERGIES,EV,#32bf84,,,,,0.8,0.75,
elc_se,SECONDARY_ENERGIES,Electricity grid,#06b1c4,,,,,0.45,0.05,
hyd_se,SECONDARY_ENERGIES,Hydrogen network,#95d0fc,,,,,0.5,0.35,
gaz_se,SECONDARY_ENERGIES,Gas grid,#fcc006,imp,,,,0.4,0.2,
vap_se,SECONDARY_ENERGIES,District heating,#9a0200,,,,,0.55,0.5,
lqf_se,SECONDARY_ENERGIES,Liquid motor fuels,#f18959,imp,,,,0.55,0.35,
bev_se,SECONDARY_ENERGIES,BEV ,#32bf84,,,,,0.55,0.65,
batt_se,SECONDARY_ENERGIES,Stationary Battery,#32bf84,,,,,0.55,0.8,
tes_se,SECONDARY_ENERGIES,Thermal energy storage,#fcc006,,,,,0.6,0.95,
hdr_pe,PRIMARY_ENERGIES,Hydro,#06b1c4,ren,,,,0.15,0.2,
enm_pe,PRIMARY_ENERGIES,Marine energy,#78bcb7,ren,,,,0.15,0.05,
eon_pe,PRIMARY_ENERGIES,Onshore wind,#01889f,ren,,,,0.15,0.1,
eof_pe,PRIMARY_ENERGIES,Offshore wind,#95d0fc,ren,,,,0.15,0.15,
win_pe,PRIMARY_ENERGIES,Wind (Offshore and Onshore),#95d0fc,ren,,,,0.15,0.15,
spv_pe,PRIMARY_ENERGIES,Solar PV,#fddc5c,ren,,,,0.15,0.05,
ura_pe,PRIMARY_ENERGIES,Uranium,#ffbacd,nuk,,,,0.15,0.3,
cms_pe,PRIMARY_ENERGIES,Coal,#c14a09,fos,0.369573206587212,0.355429214590131,0.0142052300775331,0.15,0.35,
pet_pe,PRIMARY_ENERGIES,Petroleum,#c5c9c7,fos,0.269710470854826,0.266025908133771,0.0036752596528012,0.15,0.5,
gaz_pe,PRIMARY_ENERGIES,Natural gas,#fcc006,fos,0.206925781742182,0.204241219021127,0.0026752596528012,0.15,0.55,
enc_pe,PRIMARY_ENERGIES,Solid biomass,#11875d,ren,,,,0.15,0.45,
wst_pe,PRIMARY_ENERGIES,Solid waste,#787373,,,,,0.15,0.05,
oth_pe,PRIMARY_ENERGIES,Other energy,#9a0200,,,,,,,
wst_ren_pe,PRIMARY_ENERGIES,Solid waste (renewable),#787373,ren,,,,0.15,0.05,
wst_fos_pe,PRIMARY_ENERGIES,Solid waste (non renew.),#787373,fos,0.337,0.33,0.007,0.15,0.05,
bgl_pe,PRIMARY_ENERGIES,Biogas,#82cbb2,ren,,,,0.15,0.4,
ght_pe,PRIMARY_ENERGIES,Deep geothermal & CSP,#a26643,ren,,,,0.15,0.05,
sth_pe,PRIMARY_ENERGIES,Solar thermal,#ea80a8,ren,,,,0.15,0.05,
pac_pe,PRIMARY_ENERGIES,Ambient heat,#fd5956,ren,,,,0.15,0.25,
fat_pe,PRIMARY_ENERGIES,Fatal heat,#fd5956,ren,,,,0.15,0.05,
prod,LOCAL_PROD,Local production,#32bf84,,,,,0.0,0.05,
imp,IMPORTS,Imports,#ffb07c,imp,,,,0.0,0.25,
imp_nuk,SECONDARY_IMPORTS,Nuclear imports,#ffbacd,nuk,,,,0.275,0.85,
imp_fos,SECONDARY_IMPORTS,Fossil imports,#c5c9c7,fos,,,,0.275,0.85,
imp_ren,SECONDARY_IMPORTS,Renew. imports,#32bf84,ren,,,,0.275,0.85,
def,SECONDARY_IMPORTS,Deficit,#ffb07c,fos,,,,0.0,0.95,
exp,EXPORTS,Exports,#32bf84,exp,,,,0.95,0.85,
per,OTHER,Losses,#000000,,,,,0.975,0.9,
exc,OTHER,Excess,#32bf84,,,,,0.95,0.8,
ren,GROUPS,Renewables,#32bf84,,,,,,,
fos,GROUPS,Fossils,#c5c9c7,,,,,,,
nuk,GROUPS,Nuclear,#ffbacd,,,,,,,
nes,GHG,Non-energy,#01889f,,,,,,,
nes_ghg,GHG,Non-energy Agri,#95d0fc,,,,,,,
chfcli,GROUPS,Heating & cooling,#9a0200,,,,,,,
elc_vap_ghg,GHG_SECTORS,Heat and power production ,#01889f,,,,,,,CRF1A1A
exp_ghg,GHG_SECTORS,Fuel combustion - power exports,#01889f,,,,,,,
exc_ghg,GHG_SECTORS,Fuel combustion - excess heat,#01889f,,,,,,,
ens_ghg,GHG_SECTORS,Other energy industry,#fddc5c,,,,,,,CRF1A1B-CRF1A1C
ind_ghg,GHG_SECTORS,Fuel usage - industry,#fcc006,,,,,,,CRF1A2
tra_ghg,GHG_SECTORS,Fuel combustion - transport,#c14a09,,,,,,,CRF1A3
ter_ghg,GHG_SECTORS,Fuel combustion - tertiary,#ea80a8,,,,,,,CRF1A4A
res_ghg,GHG_SECTORS,Fuel combustion – residential and tertiary,#9a0200,,,,,,,CRF1A4B
agr_ghg,GHG_SECTORS,Fuel combustion - agriculture,#06b1c4,,,,,,,CRF1A4C
avi_ghg,GHG_SECTORS,Fuel combustion - aviation bunkers,#f0833a,,,,,,,CRF1D1A
wati_ghg,GHG_SECTORS,Fuel combustion - maritime bunkers,#fd5956,,,,,,,CRF1D1B
indnes_ghg,GHG_SECTORS,Industrial processes,#c5c9c7,,,,,,,CRF2A-CRF2E
othnes_ghg,GHG_SECTORS,Industrial product uses,#fcc006,,,,,,,CRF2F-CRF2H
agrnes_ghg,GHG_SECTORS,Agriculture,#11875d,,,,,,,CRF3
wstnes_ghg,GHG_SECTORS,Waste management,#787373,,,,,,,CRF5
lufnes_ghg,GHG_SECTORS,Land use and forestry,#82cbb2,,,,,,,CRF4
atm,GHG_SECTORS,Atmosphere,#82cbb2,,,,,,,
stm,GHG_SECTORS,Carbon Capture,#ffbacd,,,,,,,
pro_ghg,GHG_SECTORS,Process Emissions,#9a0200,,,,,0.0,0.15,
gas_ghg,GHG_SECTORS,Gas Emissions,#f0833a,,,,,,,
col_ghg,GHG_SECTORS,Coal Emissions,#c14a09,,,,,0.0,0.2,
oil_ghg,GHG_SECTORS,Oil Emissions,#c5c9c7,,,,,,,
bm_ghg,GHG_SECTORS,Biomass Emissions,#11875d,,,,,,,
bmc_ghg,GHG_SECTORS,Biomass,#11875d,,,,,,,
met_ghg,GHG_SECTORS,Methanol Emissions,#fbeeac,,,,,,,
luf_ghg,GHG_SECTORS,LULUCF,#82cbb2,,,,,,,
fgs_ghg,GHG_SECTORS,Fossil gas,#f0833a,,,,,0.0,0.1,
fol_ghg,GHG_SECTORS,Fossil oil,#c5c9c7,,,,,0.0,0.05,
net_ghg,GHG_SECTORS,Net CO2 Emissions,#32bf84,,,,,,,
netcap_ghg,GHG_SECTORS,Net CO2 under the regional cap,#32bf84,,,,,,,
netoth_ghg,GHG_SECTORS,Net CO2 not capped regionally,#9fd9bd,,,,,,,
bec_ghg,GHG_SECTORS,BECCS,#06b1c4,,,,,,,
blg_ghg,GHG_SECTORS,biogas,#32bf84,,,,,,,
blq_ghg,GHG_SECTORS,biomass to liquid,#11875d,,,,,,,
imp_ghg,GHG_SECTORS,Imported methanol emmissions,#fbeeac,,,,,,,
dac_ghg,GHG_SECTORS,DAC,#ffbacd,,,,,,,
seq,GHG_SECTORS,co2 sequestration,#ffbacd,,,,,,,
ext_ghg,GHG_SECTORS,export oil emissions,#c5c9c7,,,,,,,
exg_ghg,GHG_SECTORS,export gas emissions,#f0833a,,,,,,,
hth_ghg,GHG_SECTORS,Imported methanol,#78bcb7,,,,,0.0,0.25,
eth_ghg,GHG_SECTORS,Exported Methanol,#78bcb7,,,,,,,
agh_ghg,GHG_SECTORS,GHG Agriculture,#95d0fc,,,,,,,
wst_ghg,GHG_SECTORS,Waste Incineration,#000000,,,,,,,
hvc_ghg,GHG_SECTORS,Naphtha to HVC,#01889f,,,,,,,
