Source,Target,Type,Label,Value_Code,Efficiency_Code,Input_Label
indnes_ghg,nes,,Process emissions from industry,emmprocess,,
indnes_ghg,nes,,Process emissions from industry CC,emmprocesscc,,
elc_vap_ghg,gaz_pe,,CCGT emissions,emmccgt,,
elc_vap_ghg,gaz_pe,,OCGT emissions,emmocgt,,
elc_vap_ghg,cms_pe,,lignite emissions,emmlig,,
elc_vap_ghg,pet_pe,,Oil generation,emmoilgeb,,
elc_vap_ghg,bmc_ghg,,biomass powerplants,emmbnpower,,
elc_vap_ghg,cms_pe,,coal fired power generation,emmcoalgen,,
elc_vap_ghg,cms_pe,,lignite power generations,emmliggen,,
bmc_ghg,bmc_ghg,,biomass powerplants ,emmbmatmp,,
ens_ghg,gaz_pe,,SMR CC Emissions,emmsmr,,
ens_ghg,gaz_pe,,SMR Emissions,emmsmrsm,,
res_ghg,gaz_pe,,Residential rural boiler,emmresbo,,
res_ghg,gaz_pe,,Residential decentral rural boiler,emmresubbo,,
res_ghg,gaz_pe,,services decentral rural boiler,emmsesubbo,,
res_ghg,gaz_pe,,services  rural boiler,emmserbo,,
elc_vap_ghg,gaz_pe,,urban boiler,emmurbbbo,,
res_ghg,pet_pe,,Residential oil boiler,emmresoil,,
res_ghg,pet_pe,,Residential decentral oil boiler,emmresuoil,,
res_ghg,pet_pe,,services decentral oil boiler,emmsesuboil,,
res_ghg,pet_pe,,services oil boiler,emmserroil,,
ind_ghg,gaz_pe,,gas for industry,emmgas,,
avi_ghg,pet_pe,avi,aviation emmissions,emmavi,,
agr_ghg,pet_pe,agr,Agriculture oil emissions,emmoilagr,,
agr_ghg,gaz_pe,,Agriculture gas emissions,emmagrgasz,,
tra_ghg,pet_pe,tra,land transport oil emisions,emmoiltra,,
tra_ghg,pet_pe,,rail oil emissions,emmrail,,
wati_ghg,pet_pe,so,shipping oil emisions,emmoilwati,,
wati_ghg,oth_pe,,shipping methanol emisions,emmmetwati,,
ind_ghg,oth_pe,,,emindmetatm,,
lufnes_ghg,lufnes_ghg,,LULUCF,emmluf,,
ind_ghg,gaz_pe,,gas for industry CC ,emmgascc,,
ind_ghg,pet_pe,,Oil for industry,emmoilind,,
elc_vap_ghg,cms_pe,,Coal emissions,emmcoal,,
elc_vap_ghg,gaz_pe,,urban central gas chp,emmgaschp,,
elc_vap_ghg,cms_pe,,coal CHP,emmcoalchp,,
elc_vap_ghg,pet_pe,,Oil CHP,emmoilchp,,
blg_ghg,blg_ghg,,biogas to gas,emmbiogas,,
blg_ghg,blg_ghg,,biogas to gas cc,emmbiogascc,,
dac_ghg,dac_ghg,,DAC,emmdac,,
bmc_ghg,bmc_ghg,,solid biomass for industry CC,emmindatmbm,,
blq_ghg,blq_ghg,,solid biomass to liquid,emmbmliqat,,
blq_ghg,blq_ghg,,solid biomass to liquid CC,emmbmliqatcc,,
bmc_ghg,bmc_ghg,,solid biomass to gas CC,emmbmsngccca,,
bmc_ghg,bmc_ghg,,Biomass CHP CC,emmbmchpatmcc,,
bmc_ghg,bmc_ghg,,Biomass to gas CC,emmbmsngcc,,
bmc_ghg,bmc_ghg,,solid biomass to gas,emmbmsngatm,,
ind_ghg,bm_ghg,,solid biomass for industry,emmindbm,,
bmc_ghg,bmc_ghg,,solid biomass for industry,emmindbmatm,,
res_ghg,bm_ghg,,Residential decentral biomass boiler,emmresbm,,
bmc_ghg,bmc_ghg,,Residential decentral biomass boiler,emmresbmatm,,
res_ghg,bm_ghg,,services decentral biomass boiler,emmserbm,,
bmc_ghg,bmc_ghg,,services decentral biomass boiler,emmserbmatm,,
res_ghg,bm_ghg,,Residential rural biomass boiler,emmresbmm,,
bmc_ghg,bmc_ghg,,Residential rural biomass boiler,emmresbmmatm,,
res_ghg,bm_ghg,,services rural biomass boiler,emmserbmm,,
bmc_ghg,bmc_ghg,,services rural biomass boiler,emmserbmmatm,,
ens_ghg,bm_ghg,,urban central solid biomass CHP,emmbmchp,,
bmc_ghg,bmc_ghg,,urban central solid biomass CHP,emmbmchpatm,,
elc_vap_ghg,gas_ghg,,urban central gas CHP CC,emmgaschpcc,,
agh_ghg,nes_ghg,,Non-energy GHG Agriculture,emmghgagri,,
blg_ghg,blg_ghg,,Electrobiofuels,emmefuel,,
ens_ghg,oth_pe,,Electrobiofuels emissions,emmefuelatm,,
ens_ghg,pet_pe,,HVC to air,emmehvcatm,,
elc_vap_ghg,pet_pe,,oil pp,emoilppatm,,
elc_vap_ghg,wst_ghg,,Waste CHP,emmewasteatm,,
elc_vap_ghg,wst_ghg,,Waste CHP,emmewastestmatm,,
ind_ghg,pet_pe,,oil refining emissions,emmoilref,,
