name,color
AC,#70af1d
AC line,#70af1d
AC Transmission,#ff3030
AC-AC,#70af1d
agriculture electricity,#494778
agriculture heat,#d9a5a5
agriculture machinery oil,#949494
agriculture machinery oil emissions,#333333
air heat pump,#36eb41
allam,#b98f76
Ambient,#98eb9d
ammonia,#46caf0
ammonia cracker,#87d0e6
ammonia store,#00ace0
battery,#ace37f
battery charger,#88a75b
battery discharger,#5d4e29
battery storage,#ace37f
BEV charger,#baf238
biogas,#e3d37d
Biogas Plants,#baa741
biogas to gas,#e36311
biogas to gas CC,#e51245
biomass,#baa741
biomass boiler,#8a9a5b
biomass fuel & techs,#baa741
biomass to liquid,#32cd32
biomass-to-methanol,#7c7282
BioSNG,#123456
boilers,#e05b09
building retrofitting,#8487e8
CC,#f29dae
CCGT,#a85522
CCGT CC,#c44c3a
CCGT marginal,#a85522
CCS,#f29dae
CCU,#f29dae
CCUS,#f29dae
central heat,#cc1f1f
CHP,#8a5751
CHP & gas turbines,#a85522
CHP CC,#634643
CHP electric,#8a5751
CHP heat,#8a5751
co2,#f29dae
CO2 pipeline,#f5627f
co2 sequestered,#f2682f
CO2 sequestration,#f29dae
co2 stored,#f2385a
co2 vent,#ffd4dc
Coal,#545454
coal,#545454
coal for industry,#343434
Coal marginal,#545454
DAC,#ff5270
DC,#8a1caf
DC link,#8a1caf
DC Transmission,#104e8b
DC-DC,#8a1caf
decentral heat,#750606
Delivered to vehicles,#1a1a1a
distribution network,#97ad8c
district heating,#e8beac
electric demand,#110d63
Electric load,#110d63
electricity,#110d63
electricity distribution grid,#97ad8c
EV battery,#baf238
EV charger,#baf238
electrolysis,#ff29d9
Fischer-Tropsch,#25c49a
Fleet battery state of charge,#7b5aa6
Fossil Fuel techs,#e05b09
fossil fuels,#c9c9c9
Fossil fuels & powerplants,#e05b09
fossil gas,#e05b09
gas,#e05b09
gas boiler,#db6a25
gas boiler marginal,#db6a25
gas boilers,#db6a25
gas for industry,#853403
gas for industry CC,#692e0a
gas for industry co2 to atmosphere,#692e0a
gas for industry co2 to stored,#8a3400
gas pipeline,#ebbca0
gas pipeline new,#a87c62
Gas storage,#e05b09
gas-to-power/heat,#ee8340
geothermal,#ba91b1
Grid-scale battery,#ace37f
ground heat pump,#2fb537
H2,#bf13a0
H2 & gas pipelines,#ebbca0
H2 Electrolysis,#ff29d9
H2 electrolysis,#ff29d9
H2 for industry,#f073da
H2 for shipping,#ebaee0
H2 Fuel Cell,#c251ae
H2 fuel cell,#c251ae
H2 liquefaction,#d647bd
H2 pipeline,#f081dc
H2 pipeline retrofitted,#ba99b5
H2 storage,#bf13a0
H2 Store,#bf13a0
H2 turbine,#991f83
Haber-Bosch,#076987
heat,#cc1f1f
heat demand,#cc1f1f
Heat load,#cc1f1f
heat pump,#2fb537
heat pumps,#2fb537
heat vent,#aa3344
home battery,#80c944
home battery charger,#5e8032
home battery discharger,#3c5221
home battery storage,#80c944
hot water charging,#e8998b
hot water discharging,#e99c8e
hot water storage,#e69487
HVDC links,#8a1caf
hydro,#298c81
hydro reservoir,#298c81
hydro+PHS,#08ad97
hydroelectricity,#298c81
hydrogen,#bf13a0
hydrogen storage,#bf13a0
If charged naturally,#595959
imported oil,#a3a3a3
Imports,#9a0200
industry electricity,#2d2a66
industry new electricity,#2d2a66
kerosene for aviation,#a1ffe6
land transport EV,#baf238
land transport fuel cell,#6b3161
land transport oil,#afafaf
land transport oil emissions,#777777
Li ion,#baf238
Lignite,#826837
lignite,#826837
Lignite marginal,#826837
lines,#6c9459
links,#8a1caf
liquid,#25c49a
load,#000000
load shedding,#000000
Local charging,#5ab4ac
low voltage,#97ad8c
low-temperature heat for industry,#8f2727
methanation,#c44ce6
methane,#c44ce6
methanol,#468c8b
methanolisation,#83d6d5
naphtha for industry,#57ebc4
Natural charging,#7fa8c9
natural gas,#e05b09
Net EV grid draw,#1a1a1a
Networks,#fcc006
NH3,#46caf0
Nuclear,#ff8c00
nuclear,#ff8c00
Nuclear marginal,#ff8c00
OCGT,#e0986c
OCGT marginal,#e0986c
OCGT-heat,#e0986c
offshore curtailment,#87cefa
offshore wind,#6895dd
offshore wind (AC),#6895dd
offshore wind (DC),#74c6f2
offshore wind ac,#6895dd
offshore wind dc,#74c6f2
offwind,#6895dd
offwind-ac,#6895dd
offwind-dc,#74c6f2
offwind-float,#6895dd
oil,#c9c9c9
Oil & gas storage,#e05b09
oil boiler,#adadad
oil emissions,#aaaaaa
onshore curtailment,#000080
onshore wind,#235ebc
onwind,#235ebc
other,#000000
PHS,#51dbcc
Power Plants,#11875d
power-to-gas,#c44ce6
power-to-H2,#ff29d9
power-to-heat,#2fb537
power-to-liquid,#25c49a
process emissions,#222222
process emissions CC,#000000
process emissions to atmosphere,#888888
process emissions to stored,#444444
process heat,#ff0000
residential rural air heat pump,#48f74f
residential rural biomass boiler,#a1a066
residential rural gas boiler,#d4722e
residential rural ground heat pump,#48f74f
residential rural heat,#ff7c7c
residential rural oil boiler,#a9a9a9
residential rural resistive heater,#bef5b5
residential rural solar thermal,#f1c069
residential rural water tanks,#f7b7a3
residential rural water tanks charger,#b4887c
residential rural water tanks discharger,#ba9685
residential urban decentral air heat pump,#48f74f
residential urban decentral biomass boiler,#b0b87b
residential urban decentral gas boiler,#cb7a36
residential urban decentral heat,#a33c3c
residential urban decentral oil boiler,#a1a1a1
residential urban decentral resistive heater,#b2f1a9
residential urban decentral solar thermal,#e5bc5a
residential urban decentral water tanks,#f2b2a3
residential urban decentral water tanks charger,#b39995
residential urban decentral water tanks discharger,#baac9e
resistive heater,#d8f9b8
retrofitted H2 boiler,#e5a0d9
retrofitting,#8487e8
ror,#3dbfb0
run of river,#3dbfb0
rural heat,#ff5c5c
Sabatier,#9850ad
services rural air heat pump,#5af95d
services rural biomass boiler,#c6cf98
services rural gas boiler,#c4813f
services rural ground heat pump,#5af95d
services rural heat,#ff9c9c
services rural oil boiler,#a5a5a5
services rural resistive heater,#a5ed9d
services rural solar thermal,#eabf61
services rural water tanks,#f3afa3
services rural water tanks charger,#b3abb0
services rural water tanks discharger,#bbc2b8
services urban decentral air heat pump,#5af95d
services urban decentral biomass boiler,#dde5b5
services urban decentral gas boiler,#ba8947
services urban decentral heat,#cc1f1f
services urban decentral oil boiler,#999999
services urban decentral resistive heater,#98e991
services urban decentral solar thermal,#dfb953
services urban decentral water tanks,#f1b4a4
services urban decentral water tanks charger,#b3becc
services urban decentral water tanks discharger,#bdd8d3
shipping,#03a2ff
shipping methanol,#468c8b
shipping methanol emissions,#666666
shipping oil,#808080
shipping oil emissions,#555555
Smart charging,#baf238
SMR,#870c71
SMR CC,#4f1745
solar,#f9d002
solar curtailment,#ffd700
solar PV,#f9d002
solar PV (ground),#f9d002
solar PV (rooftop),#ffea80
solar PV (tracking),#c98f00
solar rooftop,#ffea80
solar thermal,#ffbf2b
solid,#545454
solid biomass,#baa741
solid biomass for industry,#7a6d26
solid biomass for industry CC,#47411c
solid biomass for industry co2 from atmosphere,#736412
solid biomass for industry co2 to stored,#47411c
solid biomass transport,#baa741
synthetic fuel techs,#87d0e6
synthetic fuels & techs,#87d0e6
TES & H2 storage,#870c71
thermal energy storage,#e69487
Thermal Energy Storage,#e69487
Transmission lines,#6c9459
transmission lines,#6c9459
unsustainable bioliquids,#c4b35a
unsustainable solid biomass,#8f7e2e
uranium,#ff8c00
urban central air heat pump,#6cfb6b
urban central gas boiler,#b0904f
urban central gas CHP,#8d5e56
urban central gas CHP CC,#6e4e4c
urban central heat,#d15959
urban central heat vent,#a74747
urban central oil boiler,#9d9d9d
urban central resistive heater,#8cdf85
urban central solar thermal,#d7b24c
urban central solid biomass CHP,#9d9042
urban central solid biomass CHP CC,#6c5d28
urban central water tanks,#e9977d
urban central water tanks charger,#b57a67
urban central water tanks discharger,#b9816e
Uses,#01889f
V2G,#e5ffa8
V2G to grid,#f2a340
waste,#e3d37d
water tanks,#e69487
